{"base_acc": 0.4945054945054945, "ona_acc": 0.9816849816849816, "total": 273}